{"cameraMode":{"drawMode":0,"name":"Shaded","section":"Shading Mode"},"sceneLighting":true,"audioPlay":false,"sceneViewState":{"showFog":false,"showMaterialUpdate":false,"showSkybox":true,"showFlares":false,"showImageEffects":true,"showParticleSystems":true},"in2DMode":false,"pivot":{"x":0.0,"y":0.9893959164619446,"z":-0.020028062164783479},"rotation":{"x":0.1155424416065216,"y":-0.009226849302649498,"z":0.0012311284663155676,"w":0.9933121800422669},"size":0.5164498090744019,"orthographic":false}